name,entity,team,format,availability,topics,email
Maya Hollander,Purpose Unlimited,People & Culture,Online,Mon PM;Wed PM;Fri PM,Career journey;What you do at Purpose;Advice,
Chizaram Agbanelo,Purpose Unlimited,Engineering,Online,Wed PM,Sports;Finance;Tech,
Isabella Tang,Purpose Investments,Fund Operations,Online,Tue AM;Wed AM,What projects you do at Purpose;What led you to your position;Future outlooks,
"Chizaram.Agbanelo@purpose.ca","Purpose Unlimited","Engineering","Online","Fri AM","sports
finance
tech"
"anonymous","Purpose Unlimited","engineering","In-person","Wed AM","finance;Investments;Tech"
"anonymous","Purpose Investments","sales","Online","Tue PM","Career profession;advice;tech"
"Chizaram.Agbanelo@purpose.ca","Purpose Investments","engineering","Online","Thu AM","food;drinks;tech"
"Chizaram Agbanelo","Purpose Investments","Sales","In-person","Wed AM","tech;finance;advice","Chizaram.Agbanelo@purpose.ca"
